source_channel,video_title,comment_text,model_output
georgesimionoficial,Turul României: realități de la firul ierbii,Felicitării George Simion Președintele României!🇷🇴😇⛑️🇷🇴❤️🛐❤️✝️✝️✝️❤️🕯️💐🇷🇴🙌💯🙌.,"```json
{
  ""target"": ""George Simion"",
  ""stance"": ""pro"",
  ""sentiment"": ""pozitiv"",
  ""tone"": ""entuziast"",
  ""topic"": ""Felicitări pentru o posibilă poziție politică"",
  ""interpretation_problem"": ""Ambiguitate privind poziția exactă pentru care este felicitat George Simion (nu este clar dacă este vorba de o funcție reală sau o dorință)"",
  ""short_explanation"": ""Comentariul exprimă felicitări explicite adresate lui George Simion, utilizând emoji-uri pozitive și simboluri religioase, sugerând o susținere puternică. Totuși, nu este clar dacă felicitările sunt pentru o funcție deja obținută sau pentru o aspirație.""
}
```"
georgesimionoficial,Turul României: realități de la firul ierbii,Asa trebuie să fiți printre oameni nu sa se doarmă in parlament succes domnule Simion nu am greșit cind v-am votat,"```json
{
  ""target"": ""George Simion"",
  ""stance"": ""pro"",
  ""sentiment"": ""pozitiv"",
  ""tone"": ""entuziast"",
  ""topic"": ""activitatea parlamentară și votul acordat"",
  ""interpretation_problem"": ""Niciuna"",
  ""short_explanation"": ""Comentariul laudă activitatea domnului Simion, exprimă satisfacție pentru votul acordat și îi urează succes.""
}
```"
georgesimionoficial,Turul României: realități de la firul ierbii,"Eu am votat cu George Simion din primul tur ptr că am vrut să avem președintele României un tânăr Roman,un patriot și un luptător. Încă nu mi-am pierdut speranța, sper să ne facem bine.","```json
{
  ""target"": ""George Simion"",
  ""stance"": ""pro"",
  ""sentiment"": ""pozitiv"",
  ""tone"": ""speranță"",
  ""topic"": ""alegeri prezidențiale"",
  ""interpretation_problem"": ""nu este clar dacă speranța se referă la George Simion sau la situația generală a țării"",
  ""short_explanation"": ""Comentariul exprimă susținere pentru George Simion, menționând motivele votului (tânăr, patriot, luptător). Sentimentul este pozitiv, dar tonul este de speranță, cu o ușoară ambiguitate legată de ce anume se speră să se îmbunătățească.""
}
```"
georgesimionoficial,Turul României: realități de la firul ierbii,"Si de trebuie deposite de combustibil degeaba avem tancuri,blindate etc daca stau parcate ,cauta sursele de petrol care le are romania si daca nu avem Sau nu suficient cumparam CAT de mult putem deposita","```json
{
  ""target"": ""Guvernul României / Autoritățile responsabile cu aprovizionarea cu combustibil"",
  ""stance"": ""contra"",
  ""sentiment"": ""negativ"",
  ""tone"": ""critic"",
  ""topic"": ""Aprovizionarea cu combustibil și utilizarea resurselor militare"",
  ""interpretation_problem"": ""Nu există probleme majore de interpretare, mesajul este direct."",
  ""short_explanation"": ""Comentariul critică lipsa de depozite de combustibil și sugerează că resursele militare (tancuri, blindate) sunt inutile dacă nu sunt susținute de combustibil. Autorul cere autorităților să caute și să cumpere cât mai mult petrol.""
}
```"
georgesimionoficial,Turul României: realități de la firul ierbii,"Nu te descuraja că dobitoci și proști vor fi peste tot nu poti sa-i mulțumești pe toți, cu D-ZEU înainte, UNITATE LIBERTATE, PACE, DEMOCRAȚIE. FORȚA AUR, GEORGE SIMION. JOS GUVERNUL ROMÂNIEI. DEMISIA NICUȘOR Dan BOLOJAN PREDOIU VEXLER FRITZ LUDOVIC TERHES KELEMEN HUNOR BARNA CÎȚU..... șamd. CĂLIN GEORGESCU PREȘEDINTELE ROMÂNIEI.","```json
{
  ""target"": ""Guvernul României, Nicușor Dan, Boloș, Predoiu, Vexler, Fritz, Ludovic Orban, Kelemen Hunor, Barna, Cîțu, și implicit toți politicienii considerați responsabili de situația actuală. De asemenea, se menționează implicit și susținătorii acestora prin expresia \""dobitoci și proști\""."",
  ""stance"": ""Contra"",
  ""sentiment"": ""Negativ"",
  ""tone"": ""Furios, agresiv"",
  ""topic"": ""Critica guvernului și a clasei politice, susținerea AUR și a lui Călin Georgescu."",
  ""interpretation_problem"": ""Ambiguitate în ceea ce privește \""dobitoci și proști\"" - se referă la susținătorii guvernului sau la o categorie generală de oameni?"",
  ""short_explanation"": ""Comentariul critică vehement guvernul și politicieni specifici, cerând demisia acestora și susținând explicit AUR și Călin Georgescu. Tonul este unul de furie și frustrare.""
}
```"
georgesimionoficial,Turul României: realități de la firul ierbii,"Salutare Simioane, bine că te freacă la creier pe tine, dar de Iohanis, nu mai comentează nimeni , la ce deplasări aiurea și fără interes Popular, făcea, sau pe Mucea care se plimbă pe la Timișoara, cu Fritz la braț. Bravoooo George Simion.","```json
{
  ""target"": ""George Simion, Klaus Iohannis, Dominic Fritz"",
  ""stance"": ""contra (față de Iohannis și Fritz), pro (față de Simion, ironic)"",
  ""sentiment"": ""negativ"",
  ""tone"": ""ironic, critic"",
  ""topic"": ""Critica activității politice și a deplasărilor politicienilor"",
  ""interpretation_problem"": ""Sarcasm, multiple targets"",
  ""short_explanation"": ""Comentariul critică deplasările lui Iohannis și Fritz, folosind un ton ironic. Poziționarea față de Simion este ambiguă, putând fi interpretată ca o laudă ironică sau o comparație pentru a evidenția criticile aduse celorlalți doi.""
}
```"
georgesimionoficial,Turul României: realități de la firul ierbii,Vă felicit domnule George că mergeți pe teren să ascultați și să vedeți problemele și nevoile oamenilor❤,"```json
{
  ""target"": ""George Simion"",
  ""stance"": ""pro"",
  ""sentiment"": ""pozitiv"",
  ""tone"": ""apreciativ"",
  ""topic"": ""activitatea politică pe teren"",
  ""interpretation_problem"": ""Niciuna"",
  ""short_explanation"": ""Comentariul laudă direct acțiunile lui George Simion de a merge pe teren și de a interacționa cu oamenii, exprimând o atitudine pozitivă și apreciativă.""
}
```"
georgesimionoficial,Turul României: realități de la firul ierbii,Tot aud că Simion e un monstru politic. Așa spuneau și despre Vlad Țepeș. Și cu asta am spus tot.🇷🇴☦️,"```json
{
  ""target"": ""George Simion"",
  ""stance"": ""neutru"",
  ""sentiment"": ""neutru"",
  ""tone"": ""neutru"",
  ""topic"": ""Percepția publică a lui George Simion"",
  ""interpretation_problem"": ""Comparație istorică ambiguă, posibil sarcastică sau menită să minimalizeze criticile la adresa lui Simion prin asocierea cu o figură istorică."",
  ""short_explanation"": ""Comentariul compară percepția lui George Simion cu cea a lui Vlad Țepeș, fără a oferi o opinie clară despre Simion, dar sugerând o posibilă paralelă istorică. Comparația poate fi interpretată în mai multe moduri, inclusiv ca o încercare de a discredita criticile la adresa lui Simion sau ca o simplă observație istorică.""
}
```"
georgesimionoficial,Turul României: realități de la firul ierbii,"Așa da, domnule Simion! Tot înainte, până la victoria finală!❤️💛💙🙏🙏🙏","```json
{
  ""target"": ""George Simion"",
  ""stance"": ""pro"",
  ""sentiment"": ""pozitiv"",
  ""tone"": ""entuziast"",
  ""topic"": ""Susținere politică"",
  ""interpretation_problem"": ""Niciuna"",
  ""short_explanation"": ""Comentariul exprimă susținere explicită și entuziasm față de George Simion, folosind expresii de încurajare și simboluri pozitive (inimă, steaguri, rugăciuni).""
}
```"
georgesimionoficial,Turul României: realități de la firul ierbii,Respect George pentru sacrificiile pe care le faci pentru acest popor. Sunt convins ca ve-ti reusi sa ajungeti la putere si astfel sa indreptati lucrurile in tara noastra. Iti doresc mult succes si multa putere de munca.,"```json
{
  ""target"": ""George (probabil un politician)"",
  ""stance"": ""pro"",
  ""sentiment"": ""pozitiv"",
  ""tone"": ""entuziast"",
  ""topic"": ""Speranța într-o schimbare politică pozitivă"",
  ""interpretation_problem"": ""Niciuna"",
  ""short_explanation"": ""Comentariul exprimă admirație și susținere pentru George, considerându-l capabil să aducă o schimbare pozitivă în țară.""
}
```"
